mean_fit_time,std_fit_time,mean_score_time,std_score_time,param_kernel,params,split0_test_score,split1_test_score,split2_test_score,split3_test_score,split4_test_score,mean_test_score,std_test_score,rank_test_score
0.06761865615844727,0.0029205281275724924,0.03631916046142578,0.002480360347256847,rbf,{'kernel': 'rbf'},-0.04549255238922423,-0.09576793802174821,-0.1288497290129993,-0.07185067808504542,-0.08659088052704855,-0.08571035560721314,0.027468156773627263,2
0.07237491607666016,0.004411388039824051,0.012934398651123048,0.00323723495574817,sigmoid,{'kernel': 'sigmoid'},-0.03281701072255405,-0.07703128788001679,-0.09824278123519359,-0.061258753437760216,-0.0847041026613855,-0.07081078718738203,0.02244549638559884,1
